BlockType,XMLFields
CubeBlock,MirroringX,BuildTimeSeconds,BlockPairName,HasInventory,EnableBuilderCockpit,Center,BlockTopology,PCU,InventorySize,Description,MirroringBlock,Variants,VoxelPlacement,TargetLockingEnabled,EnableShipControl,DisplayName,DestroyEffectOffset,Public,DisassembleRatio,DeformationRatio,IsPressurized,GuiVisible,IsAirTight,PhysicalMaterial,CubeSize,DamagedSound,EnableFirstPerson,Id,DamageEffectName,DLC,InventoryMaxVolume,UseModelIntersection,Skeleton,CubeDefinition,MountPoints,MirroringZ,Size,CriticalComponent,MirroringY,SilenceableByShipSoundSystem,Components,GeneralDamageMultiplier,ModelOffset,Icon,Model,IsStandAlone,AutorotateMode,BuildProgressModels,NavigationDefinition,EdgeType,PCUConsole,PhysicsOption
DebugSphere1,CubeSize,BuildTimeSeconds,RequiredPowerInput,MountPoints,Id,Size,CriticalComponent,DisplayName,Components,ModelOffset,Icon,Model,Public,BlockTopology,BuildProgressModels,IsAirTight,EdgeType
DebugSphere2,CubeSize,BuildTimeSeconds,RequiredPowerInput,MountPoints,Id,Size,CriticalComponent,DisplayName,Components,ModelOffset,Icon,Model,Public,BlockTopology,BuildProgressModels,IsAirTight,EdgeType
DebugSphere3,CubeSize,BuildTimeSeconds,RequiredPowerInput,MountPoints,Id,Size,CriticalComponent,DisplayName,Components,ModelOffset,Icon,Model,Public,BlockTopology,BuildProgressModels,IsAirTight,EdgeType
MyProgrammableBlock,MirroringX,BuildTimeSeconds,BlockPairName,DestroyEffect,BlockTopology,PCU,Description,DisplayName,Public,IsAirTight,CubeSize,DamagedSound,Id,ScreenAreas,DamageEffectName,DLC,EmissiveColorPreset,MountPoints,MirroringZ,DestroySound,Size,CriticalComponent,MirroringY,Components,ModelOffset,Icon,Model,BuildProgressModels,ResourceSinkGroup,EdgeType
MyObjectBuilder_Projector,BuildTimeSeconds,BlockPairName,DestroyEffect,BlockTopology,PCU,Description,RequiredPowerInput,DisplayName,Public,IsAirTight,IdleSound,CubeSize,DamagedSound,Id,DamageEffectName,EmissiveColorPreset,MountPoints,DestroySound,PrimarySound,MirroringZ,Size,CriticalComponent,MirroringY,Components,ModelOffset,Icon,Model,BuildProgressModels,ResourceSinkGroup,EdgeType
SensorBlock,BuildTimeSeconds,BlockPairName,DestroyEffect,BlockTopology,PCU,Description,VoxelPlacement,DisplayName,DestroyEffectOffset,ResourceSinkGroup,GuiVisible,IsAirTight,CubeSize,DamagedSound,Id,ActionSound,DamageEffectName,MaxRange,DLC,EmissiveColorPreset,MountPoints,MirroringZ,DestroySound,Size,CriticalComponent,MirroringY,Components,ModelOffset,Icon,Model,IsStandAlone,BuildProgressModels,HasPhysics,EdgeType
TargetDummyBlock,BuildTimeSeconds,RegenerationEffectName,BlockPairName,BlockTopology,PCU,InventorySize,Description,DummySubpartNames,DisplayName,RegenerationSound,DestructionEffectName,ConstructionItemName,DummySubpartHealth,IsAirTight,DestructionSound,MinRegenerationTimeInS,CubeSize,DamagedSound,DestructionEffectMultiplier,DummySubpartCritical,Id,MinFillFactor,MaxRegenerationTimeInS,ConstructionItemAmount,DamageEffectName,MaxFillFactor,InventoryMaxVolume,MountPoints,MirroringZ,Size,CriticalComponent,MirroringY,Components,ModelOffset,Icon,Model,RegenerationEffectMultiplier,BuildProgressModels,EdgeType
SoundBlock,BuildTimeSeconds,BlockPairName,DestroyEffect,BlockTopology,PCU,Description,VoxelPlacement,DisplayName,DestroyEffectOffset,ResourceSinkGroup,IsAirTight,CubeSize,DamagedSound,Id,DamageEffectName,MountPoints,MirroringZ,DestroySound,Size,CriticalComponent,MirroringY,Components,ModelOffset,Icon,Model,IsStandAlone,BuildProgressModels,HasPhysics,EdgeType
ButtonPanel,MirroringX,BuildTimeSeconds,BlockPairName,DestroyEffect,BlockTopology,PCU,Description,EnableUseObjectSimpleTargeting,ButtonColors,ButtonCount,DisplayName,DestroyEffectOffset,IsAirTight,CubeSize,DamagedSound,Id,ScreenAreas,UnassignedButtonColor,DamageEffectName,DLC,MountPoints,MirroringZ,DestroySound,Size,CriticalComponent,MirroringY,Components,ModelOffset,Icon,Model,ButtonSymbols,IsStandAlone,BuildProgressModels,ResourceSinkGroup,EdgeType
TimerBlock,BuildTimeSeconds,BlockPairName,DestroyEffect,BlockTopology,PCU,Description,TimerSoundEnd,DisplayName,TimerSoundStart,GuiVisible,IsAirTight,CubeSize,DamagedSound,Id,DamageEffectName,DLC,EmissiveColorPreset,TimerSoundMid,MountPoints,DestroySound,PrimarySound,MirroringZ,Size,CriticalComponent,MirroringY,Components,ModelOffset,Icon,Model,BuildProgressModels,ResourceSinkGroup,EdgeType
TurretControlBlock,BuildTimeSeconds,PlayerInputDivider,BlockPairName,DestroyEffect,BlockTopology,PCU,TieredUpdateTimes,Description,PidGainIntegral,PowerInputIdle,MaxRangeMeters,DisplayName,Public,PidGainFilter,IsAirTight,CubeSize,DamagedSound,Id,ScreenAreas,DamageEffectName,EmissiveColorPreset,PidGainProportional,PidGainDerivative,MountPoints,MirroringZ,DestroySound,Size,CriticalComponent,MirroringY,Components,ModelOffset,Icon,Model,BuildProgressModels,ResourceSinkGroup,EdgeType
EventControllerBlock,BuildTimeSeconds,BlockPairName,DestroyEffect,BlockTopology,PCU,Description,RequiredPowerInput,DisplayName,IsAirTight,CubeSize,DamagedSound,Id,DamageEffectName,EmissiveColorPreset,MountPoints,MirroringZ,DestroySound,Size,CriticalComponent,MirroringY,Components,ModelOffset,Icon,Model,BuildProgressModels,ResourceSinkGroup,EdgeType
PathRecorderBlock,BuildTimeSeconds,BlockPairName,DestroyEffect,BlockTopology,PCU,Description,RequiredPowerInput,DisplayName,Public,IsAirTight,CubeSize,DamagedSound,Id,DamageEffectName,EmissiveColorPreset,MountPoints,MirroringZ,DestroySound,Size,CriticalComponent,MirroringY,Components,ModelOffset,Icon,Model,BuildProgressModels,ResourceSinkGroup,EdgeType
BasicMissionBlock,BuildTimeSeconds,BlockPairName,BlockTopology,PCU,Description,DefaultMissionSelectionId,RequiredPowerInput,DisplayName,CubeSize,DamagedSound,Id,DamageEffectName,EmissiveColorPreset,MountPoints,MirroringZ,Size,CriticalComponent,MirroringY,Components,ModelOffset,Icon,Model,BuildProgressModels,ResourceSinkGroup,EdgeType
FlightMovementBlock,BuildTimeSeconds,BlockPairName,BlockTopology,PCU,Description,RequiredPowerInput,DisplayName,CubeSize,DamagedSound,Id,DamageEffectName,EmissiveColorPreset,MountPoints,MirroringZ,Size,CriticalComponent,MirroringY,Components,ModelOffset,Icon,Model,BuildProgressModels,ResourceSinkGroup,EdgeType
DefensiveCombatBlock,BuildTimeSeconds,BlockPairName,UpdateTargetIntervalDefault,BlockTopology,PCU,Description,RequiredPowerInput,EvasiveManeuverIntervalRangeMin,DisplayName,EvasiveManeuverAngleMin,EvasiveManeuverIntervalRangeMax,CubeSize,DamagedSound,Id,FleeDistanceMin,DamageEffectName,FleeDistanceMax,EmissiveColorPreset,WaypointReachedZoneSizeMin,MountPoints,MirroringZ,EvasiveManeuverAngleMax,Size,CriticalComponent,MirroringY,WaypointReachedZoneSizeMax,Components,ModelOffset,Icon,Model,BuildProgressModels,ResourceSinkGroup,EdgeType
OffensiveCombatBlock,BuildTimeSeconds,BlockPairName,BlockTopology,PCU,Description,RequiredPowerInput,DisplayName,CubeSize,DamagedSound,Id,DamageEffectName,EmissiveColorPreset,MountPoints,MirroringZ,Size,CriticalComponent,MirroringY,Components,ModelOffset,Icon,Model,BuildProgressModels,ResourceSinkGroup,EdgeType
RadioAntenna,MirroringX,BuildTimeSeconds,BlockPairName,DestroyEffect,Center,BlockTopology,PCU,Description,DisplayName,IsAirTight,CubeSize,DamagedSound,Id,DamageEffectName,DLC,EmissiveColorPreset,MountPoints,MirroringZ,DestroySound,Size,CriticalComponent,MirroringY,Components,ModelOffset,Icon,Model,BuildProgressModels,ResourceSinkGroup,EdgeType
Beacon,MirroringX,BuildTimeSeconds,BlockPairName,DestroyEffect,BlockTopology,PCU,Flare,Description,MaxBroadcastRadius,DisplayName,GuiVisible,IsAirTight,CubeSize,DamagedSound,EnableLight,Id,DamageEffectName,DLC,EmissiveColorPreset,MountPoints,DestroySound,Size,CriticalComponent,MirroringY,Components,ModelOffset,Icon,Model,BuildProgressModels,ResourceSinkGroup,EdgeType,MaxBroadcastPowerDrainkW
RemoteControl,BuildTimeSeconds,BlockPairName,EnableBuilderCockpit,DestroyEffect,BlockTopology,PCU,Description,RequiredPowerInput,EnableShipControl,DisplayName,Public,IsAirTight,CubeSize,DamagedSound,EnableFirstPerson,Id,DamageEffectName,EmissiveColorPreset,MountPoints,DestroySound,MirroringZ,Size,CriticalComponent,MirroringY,Components,ModelOffset,Icon,Model,BuildProgressModels,ResourceSinkGroup,EdgeType
LaserAntenna,BuildTimeSeconds,MinElevationDegrees,BlockPairName,DestroyEffect,Center,BlockTopology,PCU,PowerInputLasing,Description,MaxAzimuthDegrees,PowerInputIdle,DisplayName,MaxElevationDegrees,GuiVisible,PowerInputTurning,RotationRate,CubeSize,DamagedSound,MinAzimuthDegrees,Id,DamageEffectName,MaxRange,EmissiveColorPreset,MountPoints,DestroySound,MirroringZ,Size,CriticalComponent,MirroringY,Components,PlaceDecals,ModelOffset,Icon,Model,BuildProgressModels,RequireLineOfSight,ResourceSinkGroup,EdgeType
BroadcastController,BuildTimeSeconds,BlockPairName,DestroyEffect,BlockTopology,PCU,Description,RequiredPowerInput,DisplayName,GuiVisible,CubeSize,DamagedSound,Id,DamageEffectName,EmissiveColorPreset,MountPoints,MirroringZ,DestroySound,Size,CriticalComponent,MirroringY,Components,PlaceDecals,ModelOffset,Icon,Model,BuildProgressModels,ResourceSinkGroup,EdgeType
TransponderBlock,MirroringX,BuildTimeSeconds,DestroyEffect,BlockTopology,PCU,Description,RequiredPowerInput,DisplayName,GuiVisible,IsAirTight,CubeSize,DamagedSound,Id,DamageEffectName,EmissiveColorPreset,MountPoints,DestroySound,Size,CriticalComponent,MirroringY,Components,ModelOffset,Icon,Model,BuildProgressModels,ResourceSinkGroup,EdgeType
TerminalBlock,BuildTimeSeconds,BlockPairName,DestroyEffect,BlockTopology,PCU,Description,EnableUseObjectSimpleTargeting,ButtonColors,ButtonCount,DisplayName,DestroyEffectOffset,ResourceSinkGroup,GuiVisible,IsAirTight,CubeSize,DamagedSound,Id,UnassignedButtonColor,DamageEffectName,DLC,MountPoints,MirroringZ,DestroySound,Size,CriticalComponent,MirroringY,Components,ModelOffset,Icon,Model,IsStandAlone,ButtonSymbols,BuildProgressModels,HasPhysics,EdgeType
Cockpit,MirroringX,BuildTimeSeconds,IsDefault3rdView,GetInSound,CharacterAnimationFemale,BlockPairName,HasInventory,BackpackEnabled,EnableBuilderCockpit,DestroyEffect,Center,BlockTopology,PCU,OxygenCapacity,Description,VoxelPlacement,TargetLockingEnabled,EnableShipControl,DisplayName,RaycastOffset,CharacterAnimationMale,DeformationRatio,IsPressurized,Public,GuiVisible,IsAirTight,CubeSize,DamagedSound,EnableFirstPerson,Id,ScreenAreas,DamageEffectName,InteriorModel,DLC,CharacterAnimation,MountPoints,MirroringZ,PrimarySound,DestroySound,Size,CriticalComponent,MirroringY,GlassModel,Components,GetOutSound,ModelOffset,Icon,Model,BuildProgressModels,UsesDeformation,EdgeType
Gyro,BuildTimeSeconds,BlockPairName,DestroyEffect,BlockTopology,PCU,ForceMagnitude,Description,RequiredPowerInput,TargetingGroups,DisplayName,IsAirTight,CubeSize,DamagedSound,Id,DamageEffectName,EmissiveColorPreset,MountPoints,MirroringZ,PrimarySound,DestroySound,Size,CriticalComponent,MirroringY,SilenceableByShipSoundSystem,Components,ModelOffset,Icon,Model,BuildProgressModels,ResourceSinkGroup,EdgeType
Kitchen,BuildTimeSeconds,BlockPairName,BlockTopology,PCU,Description,DisplayName,IsAirTight,CubeSize,DamagedSound,Id,DamageEffectName,DLC,MountPoints,MirroringZ,Size,CriticalComponent,MirroringY,Components,ModelOffset,Icon,Model,BuildProgressModels,EdgeType
CryoChamber,MirroringX,BuildTimeSeconds,BlockPairName,HasInventory,EnableBuilderCockpit,OverlayTexture,InsideSound,DestroyEffect,BlockTopology,PCU,OxygenCapacity,IdlePowerConsumption,Description,VoxelPlacement,EnableShipControl,DisplayName,IsPressurized,GuiVisible,IsAirTight,OutsideSound,CubeSize,DamagedSound,EnableFirstPerson,Id,DamageEffectName,InteriorModel,DLC,CharacterAnimation,EmissiveColorPreset,EnclosedCockpit,MountPoints,MirroringZ,DestroySound,Size,CriticalComponent,MirroringY,Components,ModelOffset,Icon,Model,BuildProgressModels,ResourceSinkGroup,EdgeType
CargoContainer,MirroringX,BuildTimeSeconds,BlockPairName,DestroyEffect,BlockTopology,PCU,Description,DisplayName,GuiVisible,IsAirTight,CubeSize,DamagedSound,Id,DamageEffectName,DLC,EmissiveColorPreset,MountPoints,MirroringZ,DestroySound,Size,CriticalComponent,MirroringY,Components,ModelOffset,Icon,Model,BuildProgressModels,EdgeType
Planter,BuildTimeSeconds,BlockPairName,BlockTopology,PCU,Description,DisplayName,GuiVisible,IsAirTight,CubeSize,DamagedSound,Id,DamageEffectName,DLC,MountPoints,MirroringZ,Size,CriticalComponent,MirroringY,Components,ModelOffset,Icon,Model,BuildProgressModels,EdgeType
Projector,RotationAngleStepDeg,BuildTimeSeconds,BlockPairName,BlockTopology,PCU,Description,RequiredPowerInput,AllowScaling,DisplayName,IsAirTight,IdleSound,CubeSize,DamagedSound,Id,ScreenAreas,DamageEffectName,IgnoreSize,DLC,EmissiveColorPreset,MountPoints,MirroringZ,PrimarySound,Size,CriticalComponent,MirroringY,Components,ModelOffset,Icon,Model,BuildProgressModels,ResourceSinkGroup,EdgeType
VendingMachine,MirroringX,BuildTimeSeconds,BlockPairName,AdditionalEmissiveMaterials,ThrowOutDummy,DestroyEffect,BlockTopology,PCU,InventorySize,Description,RequiredPowerInput,DisplayName,IsAirTight,CubeSize,DamagedSound,Id,ActionSound,ScreenAreas,DamageEffectName,DLC,EmissiveColorPreset,MountPoints,DestroySound,Size,CriticalComponent,MirroringY,Components,ModelOffset,Icon,Model,DefaultItems,BuildProgressModels,ResourceSinkGroup,EdgeType
Jukebox,MirroringX,BuildTimeSeconds,BlockPairName,HasInventory,BlockTopology,PCU,Description,RequiredPowerInput,DisplayName,GuiVisible,IsAirTight,CubeSize,DamagedSound,Id,ScreenAreas,DamageEffectName,DLC,EmissiveColorPreset,MountPoints,MirroringZ,Size,CriticalComponent,MirroringY,Components,ModelOffset,Icon,Model,BuildProgressModels,EdgeType
LCDPanelsBlock,BuildTimeSeconds,HasInventory,BlockTopology,PCU,Description,RequiredPowerInput,DisplayName,GuiVisible,IsAirTight,CubeSize,DamagedSound,Id,ScreenAreas,DamageEffectName,DLC,MountPoints,MirroringZ,Size,CriticalComponent,MirroringY,Components,ModelOffset,Icon,Model,BuildProgressModels,ResourceSinkGroup,EdgeType
TextPanel,MirroringX,BuildTimeSeconds,BlockPairName,HasInventory,DestroyEffect,PanelMaterialName,BlockTopology,ScreenHeight,PCU,Description,MaxScreenRenderDistance,ScreenWidth,RequiredPowerInput,VoxelPlacement,DisplayName,MaterialNamesToHideWhenOffline,DestroyEffectOffset,GuiVisible,IsAirTight,CubeSize,DamagedSound,UsePhysicsCastForInteractionCheck,Id,ScreenAreas,TextureResolution,DamageEffectName,DLC,MountPoints,MirroringZ,DestroySound,Size,CriticalComponent,MirroringY,Components,PlaceDecals,ModelOffset,Icon,Model,IsStandAlone,BuildProgressModels,ResourceSinkGroup,EdgeType
ReflectorLight,BuildTimeSeconds,ReflectorTexture,LightRadius,BlockPairName,HasInventory,LightIntensity,DestroyEffect,RotationSpeedBounds,BlockTopology,PCU,Flare,Description,ReflectorConeDegrees,RequiredPowerInput,VoxelPlacement,DisplayName,ReflectorThickness,LightReflectorRadius,ReflectorConeMaterial,SpotLightEmissiveMaterial,GuiVisible,IsAirTight,CubeSize,DamagedSound,PointLightEmissiveMaterial,LightFalloff,Id,DamageEffectName,DLC,MountPoints,MirroringZ,DestroySound,Size,CriticalComponent,MirroringY,Components,ModelOffset,Icon,Model,IsStandAlone,BuildProgressModels,ResourceSinkGroup,EdgeType
SolarPanel,MirroringX,BuildTimeSeconds,BlockPairName,Center,DestroyEffect,BlockTopology,PCU,Description,MirroringBlock,TargetingGroups,DisplayName,PhysicalMaterial,IsAirTight,CubeSize,DamagedSound,ResourceSourceGroup,Pivots,Id,DamageEffectName,PanelOrientation,DLC,TwoSidedPanel,EmissiveColorPreset,MountPoints,DestroySound,MirroringZ,PanelOffset,Size,CriticalComponent,MirroringY,Components,ModelOffset,Icon,Model,MaxPowerOutput,BuildProgressModels,EdgeType
WindTurbine,MirroringX,BuildTimeSeconds,BlockPairName,Center,BlockTopology,PCU,ResearchGroup,Description,VoxelPlacement,TargetingGroups,DisplayName,DamageEffectId,RaycastersToFullEfficiency,TurbineRotationSpeed,OptimalWindSpeed,TurbineSpinUpSpeed,GuiVisible,IsAirTight,OptimalGroundClearance,CubeSize,DamagedSound,ResourceSourceGroup,Id,ActionSound,DLC,EmissiveColorPreset,ResearchCost,RaycastersCount,MountPoints,Size,CriticalComponent,MirroringY,Components,PlaceDecals,ModelOffset,RaycasterSize,Icon,Model,MaxPowerOutput,MinRaycasterClearance,TurbineSpinDownSpeed,BuildProgressModels,EdgeType
MedicalRoom,BuildTimeSeconds,BlockPairName,Center,DestroyEffect,BlockTopology,PCU,Description,VoxelPlacement,DisplayName,ProgressSound,IsAirTight,IdleSound,CubeSize,DamagedSound,WardrobeCharacterOffset,Id,ScreenAreas,DamageEffectName,DLC,MountPoints,DestroySound,Size,CriticalComponent,Components,ModelOffset,Icon,Model,BuildProgressModels,ResourceSinkGroup,EdgeType
InteriorLight,MirroringX,BuildTimeSeconds,LightRadius,BlockPairName,LightIntensity,DestroyEffect,LightGlare,BlockTopology,PCU,Flare,Description,RequiredPowerInput,DisplayName,DestroyEffectOffset,SpotLightEmissiveMaterial,GuiVisible,IsAirTight,CubeSize,PointLightEmissiveMaterial,DamagedSound,ResourceSourceGroup,LightFalloff,Id,DamageEffectName,DLC,MountPoints,HasPhysics,DestroySound,MirroringZ,Size,CriticalComponent,MirroringY,Components,ModelOffset,Icon,Model,IsStandAlone,BuildProgressModels,ResourceSinkGroup,EdgeType
Ladder2,BuildTimeSeconds,CenterOffset,BlockPairName,BlockTopology,Description,DisplayName,GuiVisible,IsAirTight,CubeSize,Id,DLC,MountPoints,MirroringZ,Size,CriticalComponent,MirroringY,Components,PlaceDecals,ModelOffset,ExcludedAreaForCamera,Icon,Model,BuildProgressModels,PhysicsOption
Warhead,MirroringX,BuildTimeSeconds,BlockPairName,DestroyEffect,BlockTopology,PCU,Description,TargetingGroups,DisplayName,ExplosionRadius,IsAirTight,CubeSize,Id,ActionSound,DLC,EmissiveColorPreset,MountPoints,MirroringZ,DestroySound,Size,CriticalComponent,MirroringY,Components,ModelOffset,Icon,Model,WarheadExplosionDamage,BuildProgressModels,EdgeType
Door,PowerConsumptionIdle,MirroringX,BuildTimeSeconds,DepressurizationEffectOffset,BlockPairName,DestroyEffect,Center,BlockTopology,PCU,Description,DisplayName,DisassembleRatio,CloseSound,CubeSize,DamagedSound,Id,OpenSound,OpeningSpeed,DamageEffectName,DLC,PowerConsumptionMoving,EmissiveColorPreset,MaxOpen,MountPoints,MirroringZ,DestroySound,Size,CriticalComponent,MirroringY,Components,PlaceDecals,ModelOffset,Icon,Model,BuildProgressModels,ResourceSinkGroup,EdgeType
AirtightHangarDoor,PowerConsumptionIdle,BuildTimeSeconds,BlockPairName,Center,DestroyEffect,BlockTopology,PCU,Sound,Description,DisplayName,PhysicalMaterial,CubeSize,DamagedSound,Id,OpeningSpeed,DamageEffectName,DLC,PowerConsumptionMoving,EmissiveColorPreset,MountPoints,MirroringZ,DestroySound,Size,CriticalComponent,MirroringY,UseNeighbourOxygenRooms,Components,PlaceDecals,ModelOffset,SubpartMovementDistance,Icon,Model,BuildProgressModels,ResourceSinkGroup,EdgeType
AirtightSlideDoor,PowerConsumptionIdle,BuildTimeSeconds,BlockPairName,Center,DestroyEffect,BlockTopology,PCU,Description,DisplayName,DisassembleRatio,GuiVisible,CloseSound,CubeSize,DamagedSound,Id,OpenSound,OpeningSpeed,DamageEffectName,PowerConsumptionMoving,EmissiveColorPreset,MountPoints,MirroringZ,DestroySound,Size,CriticalComponent,MirroringY,Components,PlaceDecals,ModelOffset,SubpartMovementDistance,Icon,Model,BuildProgressModels,ResourceSinkGroup,EdgeType
StoreBlock,MirroringX,BuildTimeSeconds,BlockPairName,DestroyEffect,BlockTopology,PCU,InventorySize,Description,RequiredPowerInput,DisplayName,IsAirTight,CubeSize,DamagedSound,Id,ActionSound,ScreenAreas,DamageEffectName,DLC,EmissiveColorPreset,MountPoints,DestroySound,Size,CriticalComponent,MirroringY,Components,ModelOffset,Icon,Model,BuildProgressModels,ResourceSinkGroup,EdgeType
SafeZoneBlock,MirroringX,BuildTimeSeconds,BlockPairName,SafeZoneActivationTimeS,DestroyEffect,BlockTopology,PCU,Description,MinSafeZoneRadius,MaxSafeZoneRadius,DisplayName,CubeSize,DamagedSound,Id,ActionSound,ScreenAreas,DamageEffectName,DefaultSafeZoneRadius,SafeZoneUpkeep,MinSafeZonePowerDrainkW,MountPoints,DestroySound,MaxSafeZonePowerDrainkW,Size,CriticalComponent,MirroringY,Components,ModelOffset,Icon,Model,SafeZoneUpkeepTimeM,BuildProgressModels,ResourceSinkGroup,EdgeType
ContractBlock,MirroringX,BuildTimeSeconds,BlockPairName,DestroyEffect,BlockTopology,PCU,InventorySize,Description,RequiredPowerInput,DisplayName,CubeSize,DamagedSound,Id,ActionSound,ScreenAreas,DamageEffectName,EmissiveColorPreset,MountPoints,DestroySound,Size,CriticalComponent,MirroringY,Components,ModelOffset,Icon,Model,BuildProgressModels,ResourceSinkGroup,EdgeType
BatteryBlock,MirroringX,BuildTimeSeconds,BlockPairName,DestroyEffect,BlockTopology,PCU,InventorySize,Description,RequiredPowerInput,TargetingGroups,RechargeMultiplier,DisplayName,AdaptibleInput,Public,GuiVisible,IsAirTight,CubeSize,DamagedSound,ResourceSourceGroup,Id,DamageEffectName,DLC,InitialStoredPowerRatio,EmissiveColorPreset,MaxStoredPower,MountPoints,DestroySound,MirroringZ,Size,CriticalComponent,MirroringY,Components,ModelOffset,Icon,Model,MaxPowerOutput,BuildProgressModels,ResourceSinkGroup,EdgeType
Reactor,MirroringX,BuildTimeSeconds,BlockPairName,DestroyEffect,BlockTopology,PCU,TieredUpdateTimes,InventorySize,Description,TargetingGroups,DisplayName,GuiVisible,IsAirTight,CubeSize,DamagedSound,ResourceSourceGroup,Id,InventoryFillFactorMin,InventoryFillFactorMax,DamageEffectName,FuelInfos,DLC,EmissiveColorPreset,MountPoints,MirroringZ,FuelPullAmountFromConveyorInMinutes,PrimarySound,DestroySound,Size,SilenceableByShipSoundSystem,CriticalComponent,MirroringY,Components,ModelOffset,Icon,Model,MaxPowerOutput,BuildProgressModels,EdgeType
HydrogenEngine,BuildTimeSeconds,BlockPairName,PistonAnimationMax,DestroyEffect,BlockTopology,PCU,InventorySize,Description,TargetingGroups,AnimationSpeed,DisplayName,FuelCapacity,PistonAnimationMin,GuiVisible,IsAirTight,CubeSize,DamagedSound,ResourceSourceGroup,Id,DamageEffectName,FuelProductionToCapacityMultiplier,FuelInfos,AnimationSpinUpSpeed,EmissiveColorPreset,PistonAnimationOffsets,MountPoints,MirroringZ,PrimarySound,DestroySound,Size,CriticalComponent,MirroringY,Components,ModelOffset,Icon,Model,MaxPowerOutput,AnimationSpinDownSpeed,BuildProgressModels,ResourceSinkGroup,EdgeType
GravityGenerator,BuildTimeSeconds,BlockPairName,DestroyEffect,BlockTopology,PCU,Sound,Description,RequiredPowerInput,MaxFieldSize,DisplayName,IsAirTight,CubeSize,DamagedSound,Id,DamageEffectName,EmissiveColorPreset,MinFieldSize,MaxGravityAcceleration,MountPoints,MirroringZ,DestroySound,MinGravityAcceleration,Size,CriticalComponent,MirroringY,Components,ModelOffset,Icon,Model,BuildProgressModels,ResourceSinkGroup,EdgeType
GravityGeneratorSphere,BuildTimeSeconds,BlockPairName,DestroyEffect,BlockTopology,PCU,Sound,Description,ConsumptionPower,DisplayName,GuiVisible,IsAirTight,CubeSize,DamagedSound,MaxRadius,Id,BasePowerInput,DamageEffectName,MinRadius,EmissiveColorPreset,MaxGravityAcceleration,MountPoints,MirroringZ,DestroySound,MinGravityAcceleration,Size,CriticalComponent,MirroringY,Components,ModelOffset,Icon,Model,BuildProgressModels,ResourceSinkGroup,EdgeType
VirtualMass,BuildTimeSeconds,BlockPairName,DestroyEffect,BlockTopology,PCU,Description,RequiredPowerInput,DisplayName,VirtualMass,Public,GuiVisible,IsAirTight,CubeSize,DamagedSound,Id,DamageEffectName,EmissiveColorPreset,MountPoints,DestroySound,Size,CriticalComponent,Components,ModelOffset,Icon,Model,BuildProgressModels,ResourceSinkGroup,EdgeType
SpaceBall,BuildTimeSeconds,BlockPairName,DestroyEffect,BlockTopology,PCU,Description,RequiredPowerInput,DisplayName,MaxVirtualMass,GuiVisible,IsAirTight,CubeSize,DamagedSound,Id,DamageEffectName,EmissiveColorPreset,MountPoints,DestroySound,Size,CriticalComponent,Components,ModelOffset,Icon,Model,BuildProgressModels,EdgeType
AirVent,BuildTimeSeconds,BlockPairName,DepressurizeSound,DestroyEffect,BlockTopology,SpinUpSpeed,PCU,Description,StandbyPowerConsumption,DisplayName,RotationSpeed,IdleSound,CubeSize,DamagedSound,ResourceSourceGroup,Id,OperationalPowerConsumption,SpinDownSpeed,DamageEffectName,PressurizeSound,DLC,EmissiveColorPreset,MountPoints,MirroringZ,DestroySound,Size,CriticalComponent,MirroringY,VentilationCapacityPerSecond,Components,ModelOffset,Icon,Model,BuildProgressModels,ResourceSinkGroup,EdgeType
CameraBlock,BuildTimeSeconds,MinFov,BlockPairName,OverlayTexture,RaycastConeLimit,DestroyEffect,BlockTopology,PCU,Description,MaxFov,RequiredPowerInput,VoxelPlacement,DisplayName,DestroyEffectOffset,Public,ResourceSinkGroup,IsAirTight,CubeSize,DamagedSound,Id,RaycastDistanceLimit,DamageEffectName,RequiredChargingInput,DLC,EmissiveColorPreset,MountPoints,MirroringZ,DestroySound,Size,CriticalComponent,MirroringY,RaycastTimeMultiplier,Components,ModelOffset,Icon,Model,IsStandAlone,BuildProgressModels,HasPhysics,EdgeType
EmotionControllerBlock,MirroringX,BuildTimeSeconds,BlockPairName,DestroyEffect,BlockTopology,PCU,Description,MaxScreenRenderDistance,RequiredPowerInput,DisplayName,DestroyEffectOffset,CubeSize,DamagedSound,Id,ScreenAreas,TextureResolution,DamageEffectName,DLC,MountPoints,DestroySound,Size,CriticalComponent,MirroringY,Components,ModelOffset,Icon,Model,BuildProgressModels,ResourceSinkGroup,EdgeType
LandingGear,BuildTimeSeconds,BlockPairName,DestroyEffect,BlockTopology,PCU,Description,MaxLockSeparatingVelocity,DisplayName,IsAirTight,UnlockSound,CubeSize,DamagedSound,Id,FailedAttachSound,DamageEffectName,DLC,EmissiveColorPreset,MountPoints,MirroringZ,DestroySound,Size,CriticalComponent,MirroringY,Components,ModelOffset,Icon,Model,LockSound,BuildProgressModels,EdgeType
ConveyorConnector,MirroringX,BuildTimeSeconds,BlockPairName,DestroyEffect,BlockTopology,PCU,Description,DisplayName,GuiVisible,IsAirTight,CubeSize,DamagedSound,Id,DamageEffectName,DLC,EmissiveColorPreset,MountPoints,MirroringZ,DestroySound,Size,CriticalComponent,MirroringY,Components,ModelOffset,Icon,Model,AutorotateMode,BuildProgressModels,EdgeType
Conveyor,MirroringX,BuildTimeSeconds,BlockPairName,DestroyEffect,BlockTopology,PCU,Description,DisplayName,GuiVisible,IsAirTight,CubeSize,DamagedSound,Id,DamageEffectName,DLC,EmissiveColorPreset,MountPoints,MirroringZ,DestroySound,Size,CriticalComponent,MirroringY,Components,ModelOffset,Icon,Model,BuildProgressModels,EdgeType
OxygenTank,MirroringX,BuildTimeSeconds,BlockPairName,DestroyEffect,GasExplosionEffect,Center,BlockTopology,StoredGasId,PCU,TieredUpdateTimes,InventorySize,Description,GasExplosionNeededVolumeToReachMaxRadius,StandbyPowerConsumption,DisplayName,BlueprintClasses,Public,GuiVisible,IsAirTight,CubeSize,DamagedSound,ResourceSourceGroup,Capacity,Id,OperationalPowerConsumption,DamageEffectName,GasExplosionMaxRadius,GasExplosionSound,DLC,EmissiveColorPreset,InventoryMaxVolume,MountPoints,MirroringZ,DestroySound,Size,CriticalComponent,MirroringY,Components,ModelOffset,Icon,Model,LeakPercent,GasExplosionDamageMultiplier,BuildProgressModels,ResourceSinkGroup,EdgeType
Assembler,BuildTimeSeconds,BlockPairName,DestroyEffect,BlockTopology,PCU,TieredUpdateTimes,InventorySize,Description,StandbyPowerConsumption,DisplayName,BlueprintClasses,GuiVisible,IsAirTight,AssemblySpeed,CubeSize,DamagedSound,Id,ActionSound,OperationalPowerConsumption,DamageEffectName,DLC,InventoryMaxVolume,MountPoints,DestroySound,PrimarySound,MirroringZ,Size,CriticalComponent,MirroringY,Components,ModelOffset,Icon,Model,BuildProgressModels,ResourceSinkGroup,EdgeType
Refinery,BuildTimeSeconds,RefineSpeed,BlockPairName,Center,DestroyEffect,BlockTopology,PCU,TieredUpdateTimes,InventorySize,Description,StandbyPowerConsumption,DisplayName,BlueprintClasses,MaterialEfficiency,GuiVisible,CubeSize,DamagedSound,Id,ActionSound,OperationalPowerConsumption,InventoryFillFactorMin,InventoryFillFactorMax,DamageEffectName,DLC,EmissiveColorPreset,InventoryMaxVolume,MountPoints,DestroySound,PrimarySound,MirroringZ,Size,CriticalComponent,MirroringY,Components,ModelOffset,Icon,Model,OreAmountPerPullRequest,BuildProgressModels,ResourceSinkGroup,EdgeType
ConveyorSorter,BuildTimeSeconds,BlockPairName,DestroyEffect,BlockTopology,PCU,InventorySize,Description,DisplayName,GuiVisible,IsAirTight,CubeSize,DamagedSound,Id,DamageEffectName,DLC,EmissiveColorPreset,MountPoints,MirroringZ,DestroySound,Size,CriticalComponent,MirroringY,Components,ModelOffset,PowerInput,Icon,Model,BuildProgressModels,ResourceSinkGroup,EdgeType
Thrust,MirroringX,BuildTimeSeconds,BlockPairName,FlameDamage,FlameGlareQuerySize,PropellerDecelerationTime,Center,FuelConverter,FlameFullColor,DestroyEffect,BlockTopology,EffectivenessAtMinInfluence,PCU,ForceMagnitude,TieredUpdateTimes,Description,MaxPowerConsumption,VoxelPlacement,ThrusterType,TargetingGroups,DisplayName,FlameIdleColor,NeedsAtmosphereForInfluence,PropellerMaxVisibleDistance,Public,FlameVisibilityDistance,GuiVisible,IsAirTight,MaxPlanetaryInfluence,FlameLengthMaterial,CubeSize,DamagedSound,PropellerSubpartEntityName,PropellerRoundsPerSecondOnFullSpeed,PropellerRoundsPerSecondOnIdleSpeed,Id,MinPlanetaryInfluence,PropellerAccelerationTime,SlowdownFactor,DamageEffectName,EffectivenessAtMaxInfluence,FlameLengthScale,DLC,MinPowerConsumption,FlameFlare,MountPoints,MirroringZ,FlamePointMaterial,PrimarySound,DestroySound,Size,SilenceableByShipSoundSystem,CriticalComponent,MirroringY,Components,PropellerUsesPropellerSystem,ModelOffset,FlameDamageLengthScale,Icon,Model,BuildProgressModels,ResourceSinkGroup,EdgeType
Passage,BuildTimeSeconds,BlockPairName,BlockTopology,PCU,Description,DisplayName,GuiVisible,CubeSize,Id,MountPoints,MirroringZ,Size,CriticalComponent,MirroringY,Components,ModelOffset,Icon,Model,BuildProgressModels,EdgeType
Collector,BuildTimeSeconds,BlockPairName,DestroyEffect,BlockTopology,PCU,InventorySize,Description,RequiredPowerInput,DisplayName,IsAirTight,CubeSize,DamagedSound,Id,ActionSound,DamageEffectName,MountPoints,MirroringZ,DestroySound,Size,CriticalComponent,MirroringY,Components,ModelOffset,Icon,Model,BuildProgressModels,ResourceSinkGroup,EdgeType
ShipConnector,BuildTimeSeconds,BlockPairName,DestroyEffect,Center,BlockTopology,PCU,TieredUpdateTimes,Description,DisplayName,GuiVisible,IsAirTight,CubeSize,DamagedSound,AutoUnlockTime_Min,Id,ActionSound,DamageEffectName,EmissiveColorPreset,MountPoints,MirroringZ,DestroySound,Size,CriticalComponent,MirroringY,Components,ModelOffset,Icon,Model,BuildProgressModels,EdgeType,AutoUnlockTime_Max
PistonBase,BuildTimeSeconds,BlockPairName,DefaultMaxImpulseNonAxis,DestroyEffect,MaxImpulse,BlockTopology,PCU,Description,RequiredPowerInput,TopPart,SafetyDetachMax,DisplayName,SafetyDetach,Public,GuiVisible,IsAirTight,CubeSize,DamagedSound,DefaultMaxImpulseAxis,Id,DamageEffectName,UseVanillaPlacementDetection,Maximum,MountPoints,MirroringZ,PrimarySound,DangerousImpulseThreshold,DestroySound,Size,CriticalComponent,MirroringY,Components,PlaceDecals,ModelOffset,Icon,Model,BuildProgressModels,ResourceSinkGroup,EdgeType
ExtendedPistonBase,BuildTimeSeconds,BlockPairName,DefaultMaxImpulseNonAxis,Center,DestroyEffect,MaxImpulse,BlockTopology,PCU,Description,RequiredPowerInput,TopPart,SafetyDetachMax,DisplayName,SafetyDetach,GuiVisible,IsAirTight,CubeSize,DamagedSound,DefaultMaxImpulseAxis,Id,DamageEffectName,UseVanillaPlacementDetection,Maximum,MountPoints,MirroringZ,PrimarySound,DangerousImpulseThreshold,DestroySound,Size,CriticalComponent,MirroringY,Components,PlaceDecals,ModelOffset,Icon,Model,BuildProgressModels,ResourceSinkGroup,EdgeType
PistonTop,BuildTimeSeconds,BlockPairName,DestroyEffect,BlockTopology,PCU,Description,DisplayName,Public,IsAirTight,CubeSize,Id,UseModelIntersection,MountPoints,MirroringZ,DestroySound,Size,CriticalComponent,MirroringY,Components,ModelOffset,Icon,Model,BuildProgressModels,EdgeType
MotorStator,BuildTimeSeconds,RotorDisplacementMin,BlockPairName,PropulsionForce,RotorType,DestroyEffect,BlockTopology,PCU,Description,RequiredPowerInput,SafetyDetachMax,DangerousTorqueThreshold,DisplayName,SafetyDetach,RotorDisplacementMinSmall,MaxForceMagnitude,GuiVisible,IsAirTight,CubeSize,DamagedSound,Id,DamageEffectName,RotorDisplacementMax,RotorDisplacementMaxSmall,MountPoints,MirroringZ,PrimarySound,RotorPart,DestroySound,Size,CriticalComponent,MirroringY,Components,ModelOffset,RotorDisplacementInModel,Icon,Model,BuildProgressModels,ResourceSinkGroup,EdgeType
MotorRotor,BuildTimeSeconds,BlockPairName,BlockTopology,PCU,Description,DisplayName,GuiVisible,IsAirTight,CubeSize,Id,UseModelIntersection,MountPoints,MirroringZ,RotorPart,Size,CriticalComponent,MirroringY,Components,ModelOffset,Icon,Model,BuildProgressModels,EdgeType
MotorAdvancedStator,MirroringX,BuildTimeSeconds,RotorDisplacementMin,BlockPairName,RotorType,DestroyEffect,BlockTopology,PCU,Description,RequiredPowerInput,MaxAngleDeg,SafetyDetachMax,DangerousTorqueThreshold,DisplayName,SafetyDetach,RotorDisplacementMinSmall,DamageEffectId,MaxForceMagnitude,Public,GuiVisible,IsAirTight,CubeSize,DamagedSound,Id,DamageEffectName,RotorDisplacementMax,RotorDisplacementMaxSmall,UseModelIntersection,MountPoints,MirroringZ,PrimarySound,RotorPart,DestroySound,Size,CriticalComponent,MirroringY,MinAngleDeg,Components,ModelOffset,RotorDisplacementInModel,Icon,Model,BuildProgressModels,ResourceSinkGroup,EdgeType
MotorAdvancedRotor,MirroringX,BuildTimeSeconds,BlockPairName,BlockTopology,PCU,Description,DisplayName,Public,GuiVisible,IsAirTight,CubeSize,Id,UseModelIntersection,MountPoints,MirroringZ,RotorPart,Size,CriticalComponent,MirroringY,Components,ModelOffset,Icon,Model,BuildProgressModels,EdgeType
OxygenGenerator,MirroringX,BuildTimeSeconds,BlockPairName,GenerateSound,DestroyEffect,Center,BlockTopology,PCU,TieredUpdateTimes,InventorySize,Description,StandbyPowerConsumption,IceConsumptionPerSecond,DisplayName,BlueprintClasses,IsAirTight,IdleSound,CubeSize,DamagedSound,ResourceSourceGroup,Id,OperationalPowerConsumption,InventoryFillFactorMin,InventoryFillFactorMax,DamageEffectName,ProducedGases,EmissiveColorPreset,InventoryMaxVolume,MountPoints,DestroySound,FuelPullAmountFromConveyorInMinutes,MirroringZ,Size,CriticalComponent,MirroringY,SilenceableByShipSoundSystem,Components,ModelOffset,Icon,Model,BuildProgressModels,ResourceSinkGroup,EdgeType
SurvivalKit,MirroringX,BuildTimeSeconds,BlockPairName,DestroyEffect,BlockTopology,PCU,TieredUpdateTimes,ResearchGroup,InventorySize,Description,StandbyPowerConsumption,DisplayName,ProgressSound,BlueprintClasses,AssemblySpeed,CubeSize,DamagedSound,Id,ActionSound,ScreenAreas,OperationalPowerConsumption,DamageEffectName,InventoryMaxVolume,ResearchCost,MountPoints,MirroringZ,DestroySound,PrimarySound,Size,CriticalComponent,MirroringY,Components,ModelOffset,Icon,Model,BuildProgressModels,ResourceSinkGroup,EdgeType
OxygenFarm,MirroringX,BuildTimeSeconds,BlockPairName,Center,DestroyEffect,BlockTopology,PCU,ProducedGas,Description,DisplayName,CubeSize,DamagedSound,ResourceSourceGroup,Id,OperationalPowerConsumption,DamageEffectName,PanelOrientation,TwoSidedPanel,EmissiveColorPreset,MountPoints,DestroySound,PanelOffset,Size,CriticalComponent,MirroringY,Components,ModelOffset,Icon,Model,BuildProgressModels,ResourceSinkGroup,EdgeType
UpgradeModule,MirroringX,BlockPairName,DestroyEffect,BlockTopology,PCU,Description,DisplayName,GuiVisible,IsAirTight,CubeSize,DamagedSound,Id,DamageEffectName,EmissiveColorPreset,Upgrades,MountPoints,MirroringZ,PrimarySound,DestroySound,Size,CriticalComponent,Components,ModelOffset,Icon,Model,BuildProgressModels,EdgeType
ExhaustBlock,MirroringX,BuildTimeSeconds,BlockPairName,AvailableEffects,BlockTopology,PCU,Description,RequiredPowerInput,DisplayName,GuiVisible,IsAirTight,CubeSize,DamagedSound,Id,DamageEffectName,DLC,MountPoints,Size,CriticalComponent,MirroringY,Components,ModelOffset,Icon,Model,BuildProgressModels,EdgeType
MotorSuspension,AirShockMaxSpeed,BuildTimeSeconds,BlockPairName,PropulsionForce,MaxSteer,DestroyEffect,BlockTopology,PCU,Description,MirroringBlock,VoxelPlacement,RequiredPowerInput,SafetyDetachMax,TargetingGroups,DangerousTorqueThreshold,MinHeight,DisplayName,SafetyDetach,AirShockMinSpeed,MaxForceMagnitude,DeformationRatio,Public,GuiVisible,IsAirTight,MaxHeight,AirShockActivationDelay,CubeSize,DamagedSound,Id,SteeringSpeed,DamageEffectName,DLC,UseModelIntersection,InventoryMaxVolume,RequiredIdlePowerInput,MountPoints,MirroringZ,PrimarySound,RotorPart,DestroySound,Size,SilenceableByShipSoundSystem,CriticalComponent,MirroringY,Components,ModelOffset,Icon,Model,BuildProgressModels,AxleFriction,UsesDeformation,ResourceSinkGroup,EdgeType
Wheel,MechanicalTopInitialPlacementOffset,BuildTimeSeconds,BlockPairName,DestroyEffect,BlockTopology,PCU,InventorySize,Description,MirroringBlock,VoxelPlacement,DisplayName,Public,DeformationRatio,PhysicalMaterial,GuiVisible,IsAirTight,WheelPlacementCollider,CubeSize,DamagedSound,Id,DamageEffectName,DLC,UseModelIntersection,InventoryMaxVolume,MountPoints,MirroringZ,DestroySound,Size,CriticalComponent,MirroringY,SilenceableByShipSoundSystem,Components,ModelOffset,Icon,Model,BuildProgressModels,UsesDeformation,EdgeType
Decoy,BuildTimeSeconds,BlockPairName,DestroyEffect,BlockTopology,PriorityModifier,PCU,Description,NotWorkingPriorityMultiplier,TargetingGroups,DisplayName,Public,IsAirTight,CubeSize,DamagedSound,Id,DamageEffectName,DLC,EmissiveColorPreset,UseModelIntersection,MountPoints,DestroySound,MirroringZ,Size,CriticalComponent,MirroringY,Components,ModelOffset,Icon,Model,BuildProgressModels,EdgeType
EmissiveBlock,MirroringX,BuildTimeSeconds,BlockPairName,BlockTopology,PCU,Description,DisplayName,IsAirTight,CubeSize,Id,DLC,MountPoints,MirroringZ,Size,CriticalComponent,MirroringY,Components,ModelOffset,Icon,Model,IsStandAlone,BuildProgressModels,EdgeType
Drill,BuildTimeSeconds,BlockPairName,Center,CutOutRadius,DestroyEffect,BlockTopology,PCU,Description,VoxelPlacement,SensorOffset,SensorRadius,DisplayName,CutOutOffset,DeformationRatio,GuiVisible,CubeSize,ParticleOffset,DamagedSound,Id,DamageEffectName,UseModelIntersection,MountPoints,MirroringZ,PrimarySound,DestroySound,Size,CriticalComponent,MirroringY,Components,PlaceDecals,ModelOffset,Icon,Model,BuildProgressModels,UsesDeformation,ResourceSinkGroup,EdgeType
ShipGrinder,BuildTimeSeconds,BlockPairName,Center,DestroyEffect,BlockTopology,PCU,Flare,Description,VoxelPlacement,SensorRadius,DisplayName,Public,IsAirTight,CubeSize,DamagedSound,Id,DamageEffectName,UseModelIntersection,MountPoints,MirroringZ,DestroySound,Size,CriticalComponent,Components,ModelOffset,Icon,Model,BuildProgressModels,UsesDeformation,EdgeType
ShipWelder,BuildTimeSeconds,BlockPairName,Center,DestroyEffect,BlockTopology,PCU,Flare,Description,VoxelPlacement,SensorRadius,DisplayName,Public,GuiVisible,IsAirTight,CubeSize,DamagedSound,Id,DamageEffectName,EmissiveColorPreset,UseModelIntersection,MountPoints,MirroringZ,DestroySound,Size,CriticalComponent,Components,ModelOffset,Icon,Model,BuildProgressModels,UsesDeformation,EdgeType
OreDetector,BuildTimeSeconds,MaximumRange,BlockPairName,Center,DestroyEffect,BlockTopology,PCU,Description,DisplayName,CubeSize,DamagedSound,Id,DamageEffectName,EmissiveColorPreset,MountPoints,MirroringZ,DestroySound,Size,CriticalComponent,MirroringY,Components,ModelOffset,Icon,Model,BuildProgressModels,ResourceSinkGroup,EdgeType
JumpDrive,BuildTimeSeconds,BlockPairName,DestroyEffect,BlockTopology,PCU,Description,RequiredPowerInput,TargetingGroups,DisplayName,PowerEfficiency,IsAirTight,MaxJumpMass,CubeSize,DamagedSound,Id,PowerNeededForJump,DamageEffectName,EmissiveColorPreset,MaxJumpDistance,MountPoints,MirroringZ,DestroySound,Size,CriticalComponent,MirroringY,Components,ModelOffset,Icon,Model,BuildProgressModels,ResourceSinkGroup,EdgeType
MergeBlock,MirroringX,BuildTimeSeconds,BlockPairName,DestroyEffect,BlockTopology,PCU,Description,DisplayName,Strength,Public,DeformationRatio,IsAirTight,CubeSize,DamagedSound,Id,DamageEffectName,EmissiveColorPreset,MountPoints,DestroySound,Size,CriticalComponent,MirroringY,Components,ModelOffset,Icon,Model,BuildProgressModels,EdgeType
Parachute,PowerConsumptionIdle,MirroringX,BuildTimeSeconds,Subparts,OpeningSequence,BlockPairName,MaterialDeployCost,DestroyEffect,BlockTopology,PCU,MinimumAtmosphereLevel,Description,ReefAtmosphereLevel,DisplayName,Public,DisassembleRatio,ParachuteSubpartName,IsAirTight,CubeSize,DamagedSound,Id,BuildProgressModels,MaterialSubtype,DamageEffectName,PowerConsumptionMoving,UseModelIntersection,RadiusMultiplier,MirroringZ,DestroySound,Size,CriticalComponent,MirroringY,Components,PlaceDecals,ModelOffset,Icon,Model,DragCoefficient,ResourceSinkGroup,EdgeType
SmallMissileLauncher,MirroringX,BuildTimeSeconds,BlockPairName,WeaponDefinitionId,Center,DestroyEffect,BlockTopology,PCU,Description,DamageEffectOffset,TargetingGroups,DisplayName,DestroyEffectOffset,GuiVisible,IsAirTight,CubeSize,DamagedSound,Id,DamageEffectName,DLC,InventoryMaxVolume,MountPoints,MirroringZ,DestroySound,Size,CriticalComponent,MirroringY,Components,ModelOffset,Icon,Model,BuildProgressModels,ResourceSinkGroup,EdgeType
SmallGatlingGun,BuildTimeSeconds,BlockPairName,WeaponDefinitionId,Center,DestroyEffect,BlockTopology,PCU,Description,DamageEffectOffset,TargetingGroups,DisplayName,DestroyEffectOffset,GuiVisible,CubeSize,DamagedSound,Id,InventoryFillFactorMin,DamageEffectName,DLC,InventoryMaxVolume,MountPoints,MirroringZ,DestroySound,Size,CriticalComponent,MirroringY,Components,ModelOffset,Icon,Model,BuildProgressModels,ResourceSinkGroup,EdgeType
Searchlight,BuildTimeSeconds,ReflectorTexture,LightRadius,MinElevationDegrees,MinFov,BlockPairName,HasInventory,LightIntensity,OverlayTexture,WeaponDefinitionId,DestroyEffect,BlockTopology,PCU,TieredUpdateTimes,Flare,Description,Range,MaxAzimuthDegrees,IdleRotation,VoxelPlacement,RequiredPowerInput,MaxFov,ReflectorConeDegrees,MaxRangeMeters,LightDummyName,DisplayName,ReflectorThickness,LightReflectorRadius,MaxElevationDegrees,RotationSpeed,SpotLightEmissiveMaterial,GuiVisible,IsAirTight,CubeSize,DamagedSound,MinAzimuthDegrees,PointLightEmissiveMaterial,LightFalloff,Id,DamageEffectName,DLC,EmissiveColorPreset,UseModelIntersection,MountPoints,MirroringZ,DestroySound,LightShaftOffset,ElevationSpeed,Size,CriticalComponent,MirroringY,AiEnabled,Components,PlaceDecals,ModelOffset,Icon,Model,BuildProgressModels,ResourceSinkGroup,EdgeType
HeatVentBlock,MirroringX,BuildTimeSeconds,BlockPairName,BlockTopology,PCU,LightIntensityBounds,Description,SubpartRotations,LightFalloffBounds,RequiredPowerInput,EmissiveMaterialName,LightDummyName,ColorMaximalPower,DisplayName,ColorMinimalPower,Public,IsAirTight,IdleSound,CubeSize,DamagedSound,LightOffsetBounds,Id,DamageEffectName,DLC,PowerDependency,MountPoints,Size,CriticalComponent,MirroringY,Components,LightRadiusBounds,ModelOffset,Icon,Model,BuildProgressModels,EdgeType
LargeGatlingTurret,BuildTimeSeconds,MinElevationDegrees,MinFov,BlockPairName,CameraDummyName,OverlayTexture,WeaponDefinitionId,SubpartPairing,DestroyEffect,BlockTopology,PCU,TieredUpdateTimes,Description,MaxAzimuthDegrees,IdleRotation,VoxelPlacement,MaxFov,AmmoPullAmountPerTick,TargetingGroups,MaxRangeMeters,DisplayName,MaxElevationDegrees,RotationSpeed,IsAirTight,CubeSize,DamagedSound,MinAzimuthDegrees,MuzzleProjectileDummyName,Id,InventoryFillFactorMin,InventoryFillFactorMax,DamageEffectName,UpCameraOffset,EmissiveColorPreset,UseModelIntersection,InventoryMaxVolume,MountPoints,MirroringZ,DestroySound,HiddenTargetingOptions,Size,CriticalComponent,MirroringY,ElevationSpeed,Components,PlaceDecals,ModelOffset,Icon,Model,ForwardCameraOffset,BuildProgressModels,ResourceSinkGroup,EdgeType
LargeMissileTurret,BuildTimeSeconds,MinElevationDegrees,MinFov,BlockPairName,OverlayTexture,WeaponDefinitionId,EnabledTargetingOptions,DestroyEffect,BlockTopology,PCU,TieredUpdateTimes,Description,MaxAzimuthDegrees,IdleRotation,VoxelPlacement,MaxFov,AmmoPullAmountPerTick,TargetingGroups,MaxRangeMeters,DisplayName,AimingOffset,MaxElevationDegrees,RotationSpeed,GuiVisible,IsAirTight,CubeSize,DamagedSound,MinAzimuthDegrees,Id,InventoryFillFactorMin,InventoryFillFactorMax,DamageEffectName,UpCameraOffset,EmissiveColorPreset,UseModelIntersection,InventoryMaxVolume,MountPoints,MirroringZ,DestroySound,HiddenTargetingOptions,Size,CriticalComponent,MirroringY,ElevationSpeed,Components,PlaceDecals,ModelOffset,Icon,Model,ForwardCameraOffset,BuildProgressModels,ResourceSinkGroup,EdgeType
InteriorTurret,BuildTimeSeconds,MinElevationDegrees,MinFov,BlockPairName,OverlayTexture,WeaponDefinitionId,DestroyEffect,BlockTopology,PCU,TieredUpdateTimes,Description,MaxAzimuthDegrees,IdleRotation,VoxelPlacement,MaxFov,AmmoPullAmountPerTick,TargetingGroups,MaxRangeMeters,DisplayName,MaxElevationDegrees,RotationSpeed,GuiVisible,IsAirTight,CubeSize,DamagedSound,MinAzimuthDegrees,Id,InventoryFillFactorMin,InventoryFillFactorMax,DamageEffectName,UpCameraOffset,EmissiveColorPreset,UseModelIntersection,InventoryMaxVolume,MountPoints,MirroringZ,DestroySound,HiddenTargetingOptions,Size,CriticalComponent,MirroringY,ElevationSpeed,Components,PlaceDecals,ModelOffset,Icon,Model,ForwardCameraOffset,BuildProgressModels,ResourceSinkGroup,EdgeType
SmallMissileLauncherReload,BuildTimeSeconds,BlockPairName,WeaponDefinitionId,Center,DestroyEffect,BlockTopology,PCU,Description,DamageEffectOffset,TargetingGroups,StandbyPowerConsumption,DisplayName,DestroyEffectOffset,GuiVisible,IsAirTight,CubeSize,DamagedSound,Id,InventoryFillFactorMin,DamageEffectName,InventoryMaxVolume,MountPoints,DestroySound,MirroringZ,Size,CriticalComponent,MirroringY,Components,ModelOffset,Icon,Model,BuildProgressModels,ResourceSinkGroup,EdgeType
